seqName	gisaid_epi_isl	date	clade	qc.overallScore	qc.overallStatus	totalSubstitutions	totalDeletions	totalInsertions	totalAminoacidSubstitutions	totalAminoacidDeletions	totalMissing	totalNonACGTNs	totalPcrPrimerChanges	substitutions	deletions	insertions	aaSubstitutions	aaDeletions	missing	nonACGTNs	pcrPrimerChanges	alignmentScore	alignmentStart	alignmentEnd	qc.missingData.missingDataThreshold	qc.missingData.score	qc.missingData.status	qc.missingData.totalMissing	qc.mixedSites.mixedSitesThreshold	qc.mixedSites.score	qc.mixedSites.status	qc.mixedSites.totalMixedSites	qc.privateMutations.cutoff	qc.privateMutations.excess	qc.privateMutations.score	qc.privateMutations.status	qc.privateMutations.total	qc.snpClusters.clusteredSNPs	qc.snpClusters.score	qc.snpClusters.status	qc.snpClusters.totalSNPs	qc.frameShifts.frameShifts	qc.frameShifts.totalFrameShifts	qc.frameShifts.score	qc.frameShifts.status	qc.stopCodons.stopCodons	qc.stopCodons.totalStopCodons	qc.stopCodons.score	qc.stopCodons.status	errors
hCoV-19/USA/OR-PROV-001/2020	EPI_ISL_482292	4/1/20	19A	0	good	8	0	0	6	0	0	0	0	"A4236G,C7858T,G11083T,C12084T,C14805T,C17288T,T25655C,G26144T"			"ORF1a:N1324S,ORF1a:L3606F,ORF1a:T3940I,ORF1b:T1274I,ORF3a:V88A,ORF3a:G251V"					89677	0	29903	3000	0	good	0	10	0	good	0	24	-3	0	good	5		0	good	0		0	0	good		0	0	good	
hCoV-19/USA/OR-PROV-002/2020	EPI_ISL_482293	4/1/20	19A	0	good	7	0	0	4	0	0	0	0	"A2480G,C2558T,G11083T,C14805T,C18714T,G26144T,C27012T"			"ORF1a:I739V,ORF1a:P765S,ORF1a:L3606F,ORF3a:G251V"					89681	0	29903	3000	0	good	0	10	0	good	0	24	-4	0	good	4		0	good	0		0	0	good		0	0	good	
hCoV-19/USA/OR-PROV-003/2020	EPI_ISL_482294	4/3/20	20C	0	good	8	0	0	6	0	0	0	0	"C241T,C1059T,C1457T,C3037T,C14408T,A23403G,G25302T,G25563T"			"ORF1a:T265I,ORF1a:R398C,ORF1b:P314L,ORF3a:Q57H,S:D614G,S:C1247F"					89677	0	29903	3000	0	good	0	10	0	good	0	24	-6	0	good	2		0	good	0		0	0	good		0	0	good	
hCoV-19/USA/OR-PROV-004/2020	EPI_ISL_482295	4/4/20	20B	0	good	8	0	0	4	0	0	0	3	"C241T,C3037T,C14408T,C18747T,A23403G,G28881A,G28882A,G28883C"			"N:R203K,N:G204R,ORF1b:P314L,S:D614G"				ChinaCDC_N_F:G28881A;G28882A;G28883C	89677	0	29903	3000	0	good	0	10	0	good	0	24	-7	0	good	1		0	good	0		0	0	good		0	0	good	
hCoV-19/USA/OR-PROV-007/2020	EPI_ISL_482296	4/7/20	20A	0	good	5	0	0	3	0	0	0	0	"C241T,C3037T,C14408T,G20980A,A23403G"			"ORF1b:P314L,ORF1b:D2505N,S:D614G"					89689	0	29903	3000	0	good	0	10	0	good	0	24	-7	0	good	1		0	good	0		0	0	good		0	0	good	
hCoV-19/USA/OR-PROV-009/2020	EPI_ISL_482297	4/9/20	19A	0	good	6	0	0	5	0	0	0	0	"A4236G,G11083T,C14805T,T25655C,G26144T,G28632T"			"N:G120V,ORF1a:N1324S,ORF1a:L3606F,ORF3a:V88A,ORF3a:G251V"					89685	0	29903	3000	0	good	0	10	0	good	0	24	-5	0	good	3		0	good	0		0	0	good		0	0	good	
hCoV-19/USA/OR-PROV-011/2020	EPI_ISL_482298	3/31/20	20C	0	good	7	0	0	4	0	0	0	0	"C241T,C1059T,C3037T,C14408T,A23403G,G25563T,G29553A"			"ORF1a:T265I,ORF1b:P314L,ORF3a:Q57H,S:D614G"					89681	0	29903	3000	0	good	0	10	0	good	0	24	-8	0	good	0		0	good	0		0	0	good		0	0	good	
hCoV-19/USA/OR-PROV-012/2020	EPI_ISL_482299	3/31/20	19B	0	good	6	0	0	3	0	0	0	0	"C8782T,C16173T,C17747T,A17858G,C18060T,T28144C"			"ORF1b:P1427L,ORF1b:Y1464C,ORF8:L84S"					89685	0	29903	3000	0	good	0	10	0	good	0	24	-6	0	good	2		0	good	0		0	0	good		0	0	good	
hCoV-19/USA/OR-PROV-013/2020	EPI_ISL_482300	3/31/20	20C	0	good	9	0	0	6	0	0	0	0	"C241T,C1059T,C3037T,G8828A,C14408T,A23403G,G25302T,G25563T,C29750T"			"ORF1a:T265I,ORF1a:A2855T,ORF1b:P314L,ORF3a:Q57H,S:D614G,S:C1247F"					89673	0	29903	3000	0	good	0	10	0	good	0	24	-5	0	good	3		0	good	0		0	0	good		0	0	good	
hCoV-19/USA/OR-PROV-014/2020	EPI_ISL_482301	4/1/20	20B	0	good	8	0	0	5	0	0	0	3	"C241T,C3037T,C13665A,C14408T,A23403G,G28881A,G28882A,G28883C"			"N:R203K,N:G204R,ORF1b:H66Q,ORF1b:P314L,S:D614G"				ChinaCDC_N_F:G28881A;G28882A;G28883C	89677	0	29903	3000	0	good	0	10	0	good	0	24	-7	0	good	1		0	good	0		0	0	good		0	0	good	
hCoV-19/USA/OR-PROV-015/2020	EPI_ISL_482302	4/3/20	19A	0	good	8	0	0	4	0	0	0	0	"C32T,G2944A,A4236G,G11083T,C12778T,C14805T,T25655C,G26144T"			"ORF1a:N1324S,ORF1a:L3606F,ORF3a:V88A,ORF3a:G251V"					89677	0	29903	3000	0	good	0	10	0	good	0	24	-3	0	good	5		0	good	0		0	0	good		0	0	good	
hCoV-19/USA/OR-PROV-016/2020	EPI_ISL_482303	4/3/20	19A	0	good	4	0	0	2	0	0	0	0	"G11083T,C14805T,G26144T,C29614T"			"ORF1a:L3606F,ORF3a:G251V"					89693	0	29903	3000	0	good	0	10	0	good	0	24	-7	0	good	1		0	good	0		0	0	good		0	0	good	
hCoV-19/USA/OR-PROV-017/2020	EPI_ISL_482304	4/3/20	20C	0	good	7	0	0	5	0	0	0	0	"C241T,C1059T,C3037T,T3312C,C14408T,A23403G,G25563T"			"ORF1a:T265I,ORF1a:L1016P,ORF1b:P314L,ORF3a:Q57H,S:D614G"					89681	0	29903	3000	0	good	0	10	0	good	0	24	-7	0	good	1		0	good	0		0	0	good		0	0	good	
hCoV-19/USA/OR-PROV-018/2020	EPI_ISL_482305	4/6/20	19A	0	good	6	0	0	5	0	0	0	0	"A4236G,G11083T,C14805T,C22986T,T25655C,G26144T"			"ORF1a:N1324S,ORF1a:L3606F,ORF3a:V88A,ORF3a:G251V,S:A475V"					89685	0	29903	3000	0	good	0	10	0	good	0	24	-5	0	good	3		0	good	0		0	0	good		0	0	good	
hCoV-19/USA/OR-PROV-020/2020	EPI_ISL_482306	3/26/20	19B	0	good	9	0	0	4	0	0	0	0	"C8782T,C15240T,C17747T,A17858G,C18060T,C20178T,G20670A,C21774T,T28144C"			"ORF1b:P1427L,ORF1b:Y1464C,ORF8:L84S,S:S71F"					89673	0	29903	3000	0	good	0	10	0	good	0	24	-3	0	good	5		0	good	0		0	0	good		0	0	good	
hCoV-19/USA/OR-PROV-023/2020	EPI_ISL_482307	3/28/20	19A	0	good	8	0	0	6	0	0	0	0	"C217T,A4236G,G11083T,C14805T,T24326A,T25655C,C25904T,G26144T"			"ORF1a:N1324S,ORF1a:L3606F,ORF3a:V88A,ORF3a:S171L,ORF3a:G251V,S:L922M"					89677	0	29903	3000	0	good	0	10	0	good	0	24	-3	0	good	5		0	good	0		0	0	good		0	0	good	
hCoV-19/USA/OR-PROV-024/2020	EPI_ISL_482308	3/28/20	19A	0	good	5	0	0	2	0	0	0	0	"C913T,G11083T,C14805T,G26144T,G28001T"			"ORF1a:L3606F,ORF3a:G251V"					89689	0	29903	3000	0	good	0	10	0	good	0	24	-6	0	good	2		0	good	0		0	0	good		0	0	good	
hCoV-19/USA/OR-PROV-025/2020	EPI_ISL_482309	3/30/20	19A	0	good	3	0	0	2	0	0	0	0	"G11083T,C14805T,G26144T"			"ORF1a:L3606F,ORF3a:G251V"					89697	0	29903	3000	0	good	0	10	0	good	0	24	-8	0	good	0		0	good	0		0	0	good		0	0	good	
hCoV-19/USA/OR-PROV-026/2020	EPI_ISL_482310	3/29/20	20A	0	good	6	0	0	3	0	0	0	0	"C241T,C1437T,C3037T,C14408T,A23403G,C27630T"			"ORF1a:S391F,ORF1b:P314L,S:D614G"					89685	0	29903	3000	0	good	0	10	0	good	0	24	-6	0	good	2		0	good	0		0	0	good		0	0	good	
hCoV-19/USA/OR-PROV-027/2020	EPI_ISL_482311	3/29/20	20C	0	good	7	0	0	4	0	0	0	0	"C241T,C1059T,C3037T,C14408T,A23403G,G25563T,G29553A"			"ORF1a:T265I,ORF1b:P314L,ORF3a:Q57H,S:D614G"					89681	0	29903	3000	0	good	0	10	0	good	0	24	-8	0	good	0		0	good	0		0	0	good		0	0	good	
hCoV-19/USA/OR-PROV-028/2020	EPI_ISL_482312	3/29/20	20A	56.25	mediocre	7	0	0	4	0	0	0	0	"A187G,C241T,C1616T,C3037T,C14408T,A23403G,G28041T"			"ORF1a:L451F,ORF1b:P314L,ORF8:G50*,S:D614G"					89681	0	29903	3000	0	good	0	10	0	good	0	24	-5	0	good	3		0	good	0		0	0	good	ORF8:49	1	75	mediocre	
hCoV-19/USA/OR-PROV-030/2020	EPI_ISL_482313	3/23/20	20A	0	good	6	0	0	3	0	0	0	0	"A187G,C241T,C1616T,C3037T,C14408T,A23403G"			"ORF1a:L451F,ORF1b:P314L,S:D614G"					89685	0	29903	3000	0	good	0	10	0	good	0	24	-6	0	good	2		0	good	0		0	0	good		0	0	good	
hCoV-19/USA/OR-PROV-031/2020	EPI_ISL_482314	3/25/20	20A	0	good	7	0	0	3	0	0	0	0	"C241T,C3037T,A8445G,C14220T,C14408T,A20268G,A23403G"			"ORF1a:K2727R,ORF1b:P314L,S:D614G"					89681	0	29903	3000	0	good	0	10	0	good	0	24	-6	0	good	2		0	good	0		0	0	good		0	0	good	
hCoV-19/USA/OR-PROV-032/2020	EPI_ISL_482315	3/25/20	20A	0	good	6	0	0	3	0	0	0	0	"A187G,C241T,C1616T,C3037T,C14408T,A23403G"			"ORF1a:L451F,ORF1b:P314L,S:D614G"					89685	0	29903	3000	0	good	0	10	0	good	0	24	-6	0	good	2		0	good	0		0	0	good		0	0	good	
hCoV-19/USA/OR-PROV-033/2020	EPI_ISL_482316	3/25/20	19A	0	good	5	0	0	4	0	0	0	0	"A4236G,G11083T,C14805T,T25655C,G26144T"			"ORF1a:N1324S,ORF1a:L3606F,ORF3a:V88A,ORF3a:G251V"					89689	0	29903	3000	0	good	0	10	0	good	0	24	-6	0	good	2		0	good	0		0	0	good		0	0	good	
hCoV-19/USA/OR-PROV-035/2020	EPI_ISL_482317	3/26/20	19A	0	good	4	0	0	3	0	0	0	0	"A2550G,G11083T,C14805T,G26144T"			"ORF1a:D762G,ORF1a:L3606F,ORF3a:G251V"					89693	0	29903	3000	0	good	0	10	0	good	0	24	-7	0	good	1		0	good	0		0	0	good		0	0	good	
hCoV-19/USA/OR-PROV-036/2020	EPI_ISL_482318	3/26/20	19B	0	good	5	0	0	3	0	0	0	0	"C8782T,C17747T,A17858G,C18060T,T28144C"			"ORF1b:P1427L,ORF1b:Y1464C,ORF8:L84S"					89689	0	29903	3000	0	good	0	10	0	good	0	24	-7	0	good	1		0	good	0		0	0	good		0	0	good	
hCoV-19/USA/OR-PROV-037/2020	EPI_ISL_482319	3/26/20	19A	0	good	5	0	0	4	0	0	0	0	"A4236G,G11083T,C14805T,T25655C,G26144T"			"ORF1a:N1324S,ORF1a:L3606F,ORF3a:V88A,ORF3a:G251V"					89689	0	29903	3000	0	good	0	10	0	good	0	24	-6	0	good	2		0	good	0		0	0	good		0	0	good	
hCoV-19/USA/OR-PROV-038/2020	EPI_ISL_482320	3/27/20	19A	0	good	4	0	0	2	0	0	0	0	"G1440A,G2891A,G3892A,C10507T"			"ORF1a:G392D,ORF1a:A876T"					89693	0	29903	3000	0	good	0	10	0	good	0	24	-6	0	good	2		0	good	0		0	0	good		0	0	good	
hCoV-19/USA/OR-PROV-039/2020	EPI_ISL_482321	3/27/20	19B	0	good	8	0	0	4	0	0	0	0	"C8782T,C9565T,C15240T,C17747T,A17858G,C18060T,C21774T,T28144C"			"ORF1b:P1427L,ORF1b:Y1464C,ORF8:L84S,S:S71F"					89677	0	29903	3000	0	good	0	10	0	good	0	24	-4	0	good	4		0	good	0		0	0	good		0	0	good	
hCoV-19/USA/OR-PROV-040/2020	EPI_ISL_482322	3/27/20	20B	0	good	9	0	0	5	0	0	0	5	"C241T,C3037T,C13665A,C14408T,A23403G,C28714T,G28881A,G28882A,G28883C"			"N:R203K,N:G204R,ORF1b:H66Q,ORF1b:P314L,S:D614G"				"Charité_N_F:C28714T,ChinaCDC_N_F:G28881A;G28882A;G28883C,USCDC_N3_P:C28714T"	89673	0	29903	3000	0	good	0	10	0	good	0	24	-6	0	good	2		0	good	0		0	0	good		0	0	good	
hCoV-19/USA/OR-PROV-041/2020	EPI_ISL_482323	3/18/20	19A	0	good	4	0	0	3	0	0	0	0	"C5672T,G11083T,C14805T,G26144T"			"ORF1a:P1803S,ORF1a:L3606F,ORF3a:G251V"					89693	0	29903	3000	0	good	0	10	0	good	0	24	-7	0	good	1		0	good	0		0	0	good		0	0	good	
hCoV-19/USA/OR-PROV-042/2020	EPI_ISL_482324	3/19/20	19B	0	good	6	0	0	4	0	0	0	0	"C8782T,C17747T,A17858G,C18060T,C21789T,T28144C"			"ORF1b:P1427L,ORF1b:Y1464C,ORF8:L84S,S:T76I"					89685	0	29903	3000	0	good	0	10	0	good	0	24	-6	0	good	2		0	good	0		0	0	good		0	0	good	
hCoV-19/USA/OR-PROV-043/2020	EPI_ISL_482325	3/20/20	19A	0	good	1	0	0	0	0	0	0	0	G29711T								89705	0	29903	3000	0	good	0	10	0	good	0	24	-7	0	good	1		0	good	0		0	0	good		0	0	good	
hCoV-19/USA/OR-PROV-044/2020	EPI_ISL_482326	3/20/20	19A	0	good	3	0	0	2	0	0	0	0	"G11083T,C14805T,G26144T"			"ORF1a:L3606F,ORF3a:G251V"					89697	0	29903	3000	0	good	0	10	0	good	0	24	-8	0	good	0		0	good	0		0	0	good		0	0	good	
hCoV-19/USA/OR-PROV-045/2020	EPI_ISL_482327	3/21/20	19B	0	good	5	0	0	3	0	0	0	0	"C8782T,C17747T,A17858G,C18060T,T28144C"			"ORF1b:P1427L,ORF1b:Y1464C,ORF8:L84S"					89689	0	29903	3000	0	good	0	10	0	good	0	24	-7	0	good	1		0	good	0		0	0	good		0	0	good	
hCoV-19/USA/OR-PROV-046/2020	EPI_ISL_482328	3/23/20	20A	0	good	6	0	0	3	0	0	0	0	"A187G,C241T,C1616T,C3037T,C14408T,A23403G"			"ORF1a:L451F,ORF1b:P314L,S:D614G"					89685	0	29903	3000	0	good	0	10	0	good	0	24	-6	0	good	2		0	good	0		0	0	good		0	0	good	
hCoV-19/USA/OR-PROV-048/2020	EPI_ISL_482329	3/23/20	19A	0	good	6	0	0	4	0	0	0	0	"A2480G,C2558T,G11083T,C14805T,G26144T,C27012T"			"ORF1a:I739V,ORF1a:P765S,ORF1a:L3606F,ORF3a:G251V"					89685	0	29903	3000	0	good	0	10	0	good	0	24	-5	0	good	3		0	good	0		0	0	good		0	0	good	
hCoV-19/USA/OR-PROV-050/2020	EPI_ISL_482330	3/24/20	20B	0	good	10	0	0	5	0	0	0	3	"C241T,C1267T,C3037T,C6278T,C14408T,A17496G,A23403G,G28881A,G28882A,G28883C"			"N:R203K,N:G204R,ORF1a:P2005S,ORF1b:P314L,S:D614G"				ChinaCDC_N_F:G28881A;G28882A;G28883C	89669	0	29903	3000	0	good	0	10	0	good	0	24	-5	0	good	3		0	good	0		0	0	good		0	0	good	
hCoV-19/USA/OR-PROV-051/2020	EPI_ISL_482331	3/23/20	19A	0	good	4	0	0	3	0	0	0	0	"A2550G,G11083T,C14805T,G26144T"			"ORF1a:D762G,ORF1a:L3606F,ORF3a:G251V"					89693	0	29903	3000	0	good	0	10	0	good	0	24	-7	0	good	1		0	good	0		0	0	good		0	0	good	
hCoV-19/USA/OR-PROV-052/2020	EPI_ISL_482332	3/24/20	19A	0	good	5	0	0	4	0	0	0	0	"A4236G,G11083T,C14805T,T25655C,G26144T"			"ORF1a:N1324S,ORF1a:L3606F,ORF3a:V88A,ORF3a:G251V"					89689	0	29903	3000	0	good	0	10	0	good	0	24	-6	0	good	2		0	good	0		0	0	good		0	0	good	
hCoV-19/USA/OR-PROV-053/2020	EPI_ISL_482333	3/25/20	19A	0	good	6	0	0	4	0	0	0	0	"A2480G,C2558T,G11083T,C14805T,G26144T,C27012T"			"ORF1a:I739V,ORF1a:P765S,ORF1a:L3606F,ORF3a:G251V"					89685	0	29903	3000	0	good	0	10	0	good	0	24	-5	0	good	3		0	good	0		0	0	good		0	0	good	
hCoV-19/USA/OR-PROV-054/2020	EPI_ISL_482334	4/10/20	20C	0	good	7	0	0	5	0	0	0	0	"C241T,C1059T,C3037T,T3312C,C14408T,A23403G,G25563T"			"ORF1a:T265I,ORF1a:L1016P,ORF1b:P314L,ORF3a:Q57H,S:D614G"					89681	0	29903	3000	0	good	0	10	0	good	0	24	-7	0	good	1		0	good	0		0	0	good		0	0	good	
hCoV-19/USA/OR-PROV-055/2020	EPI_ISL_482335	4/10/20	19A	0	good	4	0	0	2	0	0	0	0	"G11083T,C14805T,G26144T,C29614T"			"ORF1a:L3606F,ORF3a:G251V"					89693	0	29903	3000	0	good	0	10	0	good	0	24	-7	0	good	1		0	good	0		0	0	good		0	0	good	
hCoV-19/USA/OR-PROV-056/2020	EPI_ISL_482336	4/10/20	19A	0	good	6	0	0	5	0	0	0	0	"A4236G,G11083T,C14805T,C22986T,T25655C,G26144T"			"ORF1a:N1324S,ORF1a:L3606F,ORF3a:V88A,ORF3a:G251V,S:A475V"					89685	0	29903	3000	0	good	0	10	0	good	0	24	-5	0	good	3		0	good	0		0	0	good		0	0	good	
hCoV-19/USA/OR-PROV-057/2020	EPI_ISL_482337	4/11/20	20C	0	good	7	15	0	5	5	0	0	0	"C241T,C1059T,C3037T,T3312C,C14408T,A23403G,G25563T"	509-523		"ORF1a:T265I,ORF1a:L1016P,ORF1b:P314L,ORF3a:Q57H,S:D614G"	"ORF1a:G82-,ORF1a:H83-,ORF1a:V84-,ORF1a:M85-,ORF1a:V86-"				89629	0	29903	3000	0	good	0	10	0	good	0	24	-6	0	good	2		0	good	0		0	0	good		0	0	good	
hCoV-19/USA/OR-PROV-058/2020	EPI_ISL_482338	4/12/20	19B	0	good	6	0	0	3	0	0	0	0	"C8782T,C17747T,A17858G,C18060T,T28144C,G29688T"			"ORF1b:P1427L,ORF1b:Y1464C,ORF8:L84S"					89685	0	29903	3000	0	good	0	10	0	good	0	24	-6	0	good	2		0	good	0		0	0	good		0	0	good	
hCoV-19/USA/OR-PROV-059/2020	EPI_ISL_482339	4/13/20	20C	0	good	10	0	0	7	0	0	0	0	"G208T,C241T,C1059T,C3037T,T3312C,A10323G,C14408T,C22949T,A23403G,G25563T"			"ORF1a:T265I,ORF1a:L1016P,ORF1a:K3353R,ORF1b:P314L,ORF3a:Q57H,S:P463S,S:D614G"					89669	0	29903	3000	0	good	0	10	0	good	0	24	-4	0	good	4		0	good	0		0	0	good		0	0	good	
hCoV-19/USA/OR-PROV-060/2020	EPI_ISL_482340	4/13/20	20C	0	good	10	0	0	7	0	0	0	0	"G208T,C241T,C1059T,C3037T,T3312C,A10323G,C14408T,C22949T,A23403G,G25563T"			"ORF1a:T265I,ORF1a:L1016P,ORF1a:K3353R,ORF1b:P314L,ORF3a:Q57H,S:P463S,S:D614G"					89669	0	29903	3000	0	good	0	10	0	good	0	24	-4	0	good	4		0	good	0		0	0	good		0	0	good	
hCoV-19/USA/OR-PROV-061/2020	EPI_ISL_482341	4/13/20	20C	0	good	7	0	0	3	0	0	0	0	"C241T,C3037T,C11563T,C14408T,C18877T,A23403G,G25563T"			"ORF1b:P314L,ORF3a:Q57H,S:D614G"					89681	0	29903	3000	0	good	0	10	0	good	0	24	-7	0	good	1		0	good	0		0	0	good		0	0	good	
hCoV-19/USA/OR-PROV-062/2020	EPI_ISL_482342	4/13/20	20C	0	good	10	0	0	5	0	0	0	0	"C241T,C3037T,A9683C,C11563T,A11983G,C14408T,C18877T,A23403G,G25563T,C27431T"			"ORF1a:I3140L,ORF1b:P314L,ORF3a:Q57H,ORF7a:A13V,S:D614G"					89669	0	29903	3000	0	good	0	10	0	good	0	24	-4	0	good	4		0	good	0		0	0	good		0	0	good	
hCoV-19/USA/OR-PROV-064/2020	EPI_ISL_482343	4/12/20	19A	0	good	6	0	0	5	0	0	0	0	"A4236G,G11083T,C14805T,C22986T,T25655C,G26144T"			"ORF1a:N1324S,ORF1a:L3606F,ORF3a:V88A,ORF3a:G251V,S:A475V"					89685	0	29903	3000	0	good	0	10	0	good	0	24	-5	0	good	3		0	good	0		0	0	good		0	0	good	
hCoV-19/USA/OR-PROV-065/2020	EPI_ISL_482344	4/12/20	20C	0	good	8	0	0	4	0	0	0	0	"C241T,C3037T,C3176T,C11563T,C14408T,C18877T,A23403G,G25563T"			"ORF1a:P971S,ORF1b:P314L,ORF3a:Q57H,S:D614G"					89677	0	29903	3000	0	good	0	10	0	good	0	24	-6	0	good	2		0	good	0		0	0	good		0	0	good	
hCoV-19/USA/OR-PROV-066/2020	EPI_ISL_482345	4/12/20	19A	0	good	7	0	0	5	0	0	0	0	"A4236G,G7100T,G11083T,C14805T,C25276T,T25655C,G26144T"			"ORF1a:N1324S,ORF1a:A2279S,ORF1a:L3606F,ORF3a:V88A,ORF3a:G251V"					89681	0	29903	3000	0	good	0	10	0	good	0	24	-4	0	good	4		0	good	0		0	0	good		0	0	good	
hCoV-19/USA/OR-PROV-068/2020	EPI_ISL_482346	4/14/20	19A	0	good	4	0	0	2	0	0	0	0	"G11083T,C14805T,G26144T,C29614T"			"ORF1a:L3606F,ORF3a:G251V"					89693	0	29903	3000	0	good	0	10	0	good	0	24	-7	0	good	1		0	good	0		0	0	good		0	0	good	
hCoV-19/USA/OR-PROV-070/2020	EPI_ISL_482347	4/16/20	20C	0	good	7	0	0	3	0	0	0	0	"C241T,C3037T,C11563T,C14408T,C18877T,A23403G,G25563T"			"ORF1b:P314L,ORF3a:Q57H,S:D614G"					89681	0	29903	3000	0	good	0	10	0	good	0	24	-7	0	good	1		0	good	0		0	0	good		0	0	good	
hCoV-19/USA/OR-PROV-073/2020	EPI_ISL_482348	4/16/20	20C	0	good	12	0	0	10	0	0	0	0	"C241T,T833C,C1059T,C3037T,C6285T,T11127C,C14408T,C16289T,C23315T,A23403G,G25563T,C27964T"			"ORF1a:F190L,ORF1a:T265I,ORF1a:T2007I,ORF1a:M3621T,ORF1b:P314L,ORF1b:A941V,ORF3a:Q57H,ORF8:S24L,S:L585F,S:D614G"					89661	0	29903	3000	0	good	0	10	0	good	0	24	-4	0	good	4		0	good	0		0	0	good		0	0	good	
hCoV-19/USA/OR-PROV-074/2020	EPI_ISL_482349	4/16/20	20A	0	good	5	1	0	2	0	0	0	0	"C241T,C3037T,C14408T,A20268G,A23403G"	29835		"ORF1b:P314L,S:D614G"					89680	0	29903	3000	0	good	0	10	0	good	0	24	-7	0	good	1		0	good	0		0	0	good		0	0	good	
hCoV-19/USA/OR-PROV-075/2020	EPI_ISL_482350	4/17/20	20A	0	good	9	0	0	5	0	0	0	0	"C241T,C3037T,C9430T,T10158C,C14408T,G19969A,A20268G,A23403G,C28854T"			"N:S194L,ORF1a:V3298A,ORF1b:P314L,ORF1b:A2168T,S:D614G"					89673	0	29903	3000	0	good	0	10	0	good	0	24	-6	0	good	2		0	good	0		0	0	good		0	0	good	
hCoV-19/USA/OR-PROV-078/2020	EPI_ISL_482351	4/17/20	20C	0	good	10	0	0	4	0	0	0	0	"C241T,C3037T,C11563T,C14408T,C16952T,C17028T,C18877T,A23403G,G24550A,G25563T"			"ORF1b:P314L,ORF1b:T1162I,ORF3a:Q57H,S:D614G"					89669	0	29903	3000	0	good	0	10	0	good	0	24	-4	0	good	4		0	good	0		0	0	good		0	0	good	
hCoV-19/USA/OR-PROV-079/2020	EPI_ISL_482352	4/17/20	20A	0	good	5	0	0	2	0	0	0	0	"C241T,C3037T,C14408T,A20268G,A23403G"			"ORF1b:P314L,S:D614G"					89689	0	29903	3000	0	good	0	10	0	good	0	24	-8	0	good	0		0	good	0		0	0	good		0	0	good	
hCoV-19/USA/OR-PROV-080/2020	EPI_ISL_482353	4/17/20	20A	0	good	5	0	0	2	0	0	0	0	"C241T,C3037T,C14408T,A20268G,A23403G"			"ORF1b:P314L,S:D614G"					89689	0	29903	3000	0	good	0	10	0	good	0	24	-8	0	good	0		0	good	0		0	0	good		0	0	good	
hCoV-19/USA/OR-PROV-081/2020	EPI_ISL_482354	4/18/20	20C	0	good	10	0	0	4	0	0	0	0	"C241T,C3037T,C11563T,C14408T,C16952T,C17028T,C18877T,A23403G,G24550A,G25563T"			"ORF1b:P314L,ORF1b:T1162I,ORF3a:Q57H,S:D614G"					89669	0	29903	3000	0	good	0	10	0	good	0	24	-4	0	good	4		0	good	0		0	0	good		0	0	good	
hCoV-19/USA/OR-PROV-083/2020	EPI_ISL_482355	4/18/20	20A	0	good	7	0	0	3	0	0	0	0	"C241T,C3037T,C5907T,C14408T,A20268G,A23403G,G26193A"			"ORF1a:T1881I,ORF1b:P314L,S:D614G"					89681	0	29903	3000	0	good	0	10	0	good	0	24	-6	0	good	2		0	good	0		0	0	good		0	0	good	
hCoV-19/USA/OR-PROV-085/2020	EPI_ISL_482356	4/19/20	20C	56.25	mediocre	11	0	0	6	0	0	0	0	"C241T,C313T,C3037T,C11563T,C14408T,C18877T,C21058T,A23403G,G25563T,G27613T,C27945T"			"ORF1b:P314L,ORF1b:P2531S,ORF3a:Q57H,ORF7a:V74F,ORF8:Q18*,S:D614G"					89665	0	29903	3000	0	good	0	10	0	good	0	24	-3	0	good	5		0	good	0		0	0	good	ORF8:17	1	75	mediocre	
hCoV-19/USA/OR-PROV-086/2020	EPI_ISL_482357	4/19/20	20C	0	good	10	0	0	6	0	0	0	0	"C241T,C1059T,C3037T,C11916T,C14408T,T17433A,A23403G,G25563T,G28027T,G29742T"			"ORF1a:T265I,ORF1a:S3884L,ORF1b:P314L,ORF3a:Q57H,ORF8:W45L,S:D614G"					89669	0	29903	3000	0	good	0	10	0	good	0	24	-5	0	good	3		0	good	0		0	0	good		0	0	good	
hCoV-19/USA/OR-PROV-087/2020	EPI_ISL_482358	4/20/20	19B	0	good	6	0	0	3	0	0	0	0	"C8782T,C17747T,A17858G,C18060T,T28144C,G29688T"			"ORF1b:P1427L,ORF1b:Y1464C,ORF8:L84S"					89685	0	29903	3000	0	good	0	10	0	good	0	24	-6	0	good	2		0	good	0		0	0	good		0	0	good	
hCoV-19/USA/OR-PROV-088/2020	EPI_ISL_482359	4/20/20	20C	0	good	8	0	0	3	0	0	0	0	"C241T,C3037T,C11563T,C14408T,C18877T,A23403G,T23986C,G25563T"			"ORF1b:P314L,ORF3a:Q57H,S:D614G"					89677	0	29903	3000	0	good	0	10	0	good	0	24	-6	0	good	2		0	good	0		0	0	good		0	0	good	
hCoV-19/USA/OR-PROV-089/2020	EPI_ISL_482360	4/20/20	19A	0	good	6	9	0	3	3	0	0	1	"G11083T,C14805T,C25624T,G26144T,C26340T,C29614T"	"20407-20412,21992-21994"		"ORF1a:L3606F,ORF3a:H78Y,ORF3a:G251V"	"ORF1b:F2314-,ORF1b:E2315-,S:Y144-"			Charité_E_P:C26340T	89644	0	29903	3000	0	good	0	10	0	good	0	24	-3	0	good	5		0	good	0		0	0	good		0	0	good	
hCoV-19/USA/OR-PROV-090/2020	EPI_ISL_482361	4/20/20	20C	0	good	9	0	0	5	0	0	0	0	"C241T,C3037T,C3176T,G11083T,C11563T,C14408T,C18877T,A23403G,G25563T"			"ORF1a:P971S,ORF1a:L3606F,ORF1b:P314L,ORF3a:Q57H,S:D614G"					89673	0	29903	3000	0	good	0	10	0	good	0	24	-5	0	good	3		0	good	0		0	0	good		0	0	good	
hCoV-19/USA/OR-PROV-091/2020	EPI_ISL_482362	4/20/20	20A	0	good	6	0	0	3	0	0	0	0	"C241T,C3037T,C14408T,A20268G,A23403G,C29370G"			"N:T366R,ORF1b:P314L,S:D614G"					89685	0	29903	3000	0	good	0	10	0	good	0	24	-7	0	good	1		0	good	0		0	0	good		0	0	good	
hCoV-19/USA/OR-PROV-092/2020	EPI_ISL_482363	4/20/20	20C	0	good	7	15	0	5	5	0	0	0	"C241T,C1059T,C3037T,T3312C,C14408T,A23403G,G25563T"	509-523		"ORF1a:T265I,ORF1a:L1016P,ORF1b:P314L,ORF3a:Q57H,S:D614G"	"ORF1a:G82-,ORF1a:H83-,ORF1a:V84-,ORF1a:M85-,ORF1a:V86-"				89629	0	29903	3000	0	good	0	10	0	good	0	24	-6	0	good	2		0	good	0		0	0	good		0	0	good	
hCoV-19/USA/OR-PROV-093/2020	EPI_ISL_482364	4/20/20	20C	0	good	7	0	0	5	0	0	0	0	"C241T,C1059T,C3037T,T3312C,C14408T,A23403G,G25563T"			"ORF1a:T265I,ORF1a:L1016P,ORF1b:P314L,ORF3a:Q57H,S:D614G"					89681	0	29903	3000	0	good	0	10	0	good	0	24	-7	0	good	1		0	good	0		0	0	good		0	0	good	
hCoV-19/USA/OR-PROV-094/2020	EPI_ISL_482365	4/20/20	20A	0	good	6	0	0	3	0	0	0	0	"C241T,C3037T,C14408T,A20268G,A23403G,C29370G"			"N:T366R,ORF1b:P314L,S:D614G"					89685	0	29903	3000	0	good	0	10	0	good	0	24	-7	0	good	1		0	good	0		0	0	good		0	0	good	
hCoV-19/USA/OR-PROV-095/2020	EPI_ISL_482366	4/21/20	20C	0	good	10	0	0	7	0	0	0	0	"G208T,C241T,C1059T,C3037T,T3312C,A10323G,C14408T,C22949T,A23403G,G25563T"			"ORF1a:T265I,ORF1a:L1016P,ORF1a:K3353R,ORF1b:P314L,ORF3a:Q57H,S:P463S,S:D614G"					89669	0	29903	3000	0	good	0	10	0	good	0	24	-4	0	good	4		0	good	0		0	0	good		0	0	good	
hCoV-19/USA/OR-PROV-096/2020	EPI_ISL_482367	4/21/20	20C	0	good	10	0	0	7	0	0	0	0	"C241T,C1059T,C3037T,T3312C,T8041C,C14408T,C19274A,A23403G,G25563T,G29474T"			"N:D401Y,ORF1a:T265I,ORF1a:L1016P,ORF1b:P314L,ORF1b:P1936H,ORF3a:Q57H,S:D614G"					89669	0	29903	3000	0	good	0	10	0	good	0	24	-4	0	good	4		0	good	0		0	0	good		0	0	good	
hCoV-19/USA/OR-PROV-097/2020	EPI_ISL_482368	4/22/20	20A	0	good	9	0	0	5	0	0	0	0	"C241T,C3037T,C9430T,T10158C,C14408T,G19969A,A20268G,A23403G,C28854T"			"N:S194L,ORF1a:V3298A,ORF1b:P314L,ORF1b:A2168T,S:D614G"					89673	0	29903	3000	0	good	0	10	0	good	0	24	-6	0	good	2		0	good	0		0	0	good		0	0	good	
hCoV-19/USA/OR-PROV-098/2020	EPI_ISL_482369	4/21/20	20C	0	good	9	0	0	6	0	0	0	0	"C241T,C1059T,C3037T,C11916T,C14408T,A23403G,G25563T,G28027T,G29742T"			"ORF1a:T265I,ORF1a:S3884L,ORF1b:P314L,ORF3a:Q57H,ORF8:W45L,S:D614G"					89673	0	29903	3000	0	good	0	10	0	good	0	24	-6	0	good	2		0	good	0		0	0	good		0	0	good	
hCoV-19/USA/OR-PROV-100/2020	EPI_ISL_482370	4/22/20	20A	0	good	6	0	0	3	0	0	0	0	"C241T,C3037T,C14408T,A20268G,A23403G,C29370G"			"N:T366R,ORF1b:P314L,S:D614G"					89685	0	29903	3000	0	good	0	10	0	good	0	24	-7	0	good	1		0	good	0		0	0	good		0	0	good	
hCoV-19/USA/OR-PROV-101/2020	EPI_ISL_482371	4/22/20	20C	0	good	9	0	0	3	0	0	0	0	"C241T,C280T,C3037T,C11563T,C14408T,C18877T,A23403G,G24550A,G25563T"			"ORF1b:P314L,ORF3a:Q57H,S:D614G"					89673	0	29903	3000	0	good	0	10	0	good	0	24	-5	0	good	3		0	good	0		0	0	good		0	0	good	
hCoV-19/USA/OR-PROV-102/2020	EPI_ISL_482372	4/23/20	20C	0	good	7	0	0	5	0	0	0	0	"C241T,C1059T,C3037T,T3312C,C14408T,A23403G,G25563T"			"ORF1a:T265I,ORF1a:L1016P,ORF1b:P314L,ORF3a:Q57H,S:D614G"					89681	0	29903	3000	0	good	0	10	0	good	0	24	-7	0	good	1		0	good	0		0	0	good		0	0	good	
hCoV-19/USA/OR-PROV-103/2020	EPI_ISL_482373	4/23/20	19A	0	good	5	6	0	2	2	0	0	0	"C4876T,G11083T,C14805T,G26144T,C29614T"	22289-22294		"ORF1a:L3606F,ORF3a:G251V"	"S:L242-,S:A243-"				89664	0	29903	3000	0	good	0	10	0	good	0	24	-5	0	good	3		0	good	0		0	0	good		0	0	good	
hCoV-19/USA/OR-PROV-106/2020	EPI_ISL_482374	4/23/20	20C	0	good	11	0	0	8	0	0	0	0	"C241T,C1059T,C3037T,A13300T,C14408T,C17125T,C18086T,A23403G,G25563T,A26528T,A28492T"			"ORF1a:T265I,ORF1a:L4345F,ORF1b:P314L,ORF1b:L1220F,ORF1b:T1540I,ORF3a:Q57H,ORF9b:Q70L,S:D614G"					89665	0	29903	3000	0	good	0	10	0	good	0	24	-3	0	good	5		0	good	0		0	0	good		0	0	good	
hCoV-19/USA/OR-PROV-107/2020	EPI_ISL_482375	4/23/20	20C	0	good	10	0	0	4	0	0	0	0	"C241T,C280T,C3037T,C6027T,C11563T,C14408T,C18877T,A23403G,G24550A,G25563T"			"ORF1a:P1921L,ORF1b:P314L,ORF3a:Q57H,S:D614G"					89669	0	29903	3000	0	good	0	10	0	good	0	24	-4	0	good	4		0	good	0		0	0	good		0	0	good	
hCoV-19/USA/OR-PROV-108/2020	EPI_ISL_482376	4/23/20	20C	0	good	12	0	0	5	0	0	0	0	"C241T,T2698C,C3037T,C11563T,G14209T,C14408T,C17678T,C18877T,A23403G,G25563T,C29675T,C29754T"			"ORF1b:V248F,ORF1b:P314L,ORF1b:T1404M,ORF3a:Q57H,S:D614G"					89661	0	29903	3000	0	good	0	10	0	good	0	24	-2	0	good	6		0	good	0		0	0	good		0	0	good	
hCoV-19/USA/OR-PROV-109/2020	EPI_ISL_482377	4/24/20	20C	56.25	mediocre	11	0	0	6	0	0	0	0	"C241T,C313T,C3037T,C11563T,C14408T,C18877T,C21058T,A23403G,G25563T,G27613T,C27945T"			"ORF1b:P314L,ORF1b:P2531S,ORF3a:Q57H,ORF7a:V74F,ORF8:Q18*,S:D614G"					89665	0	29903	3000	0	good	0	10	0	good	0	24	-3	0	good	5		0	good	0		0	0	good	ORF8:17	1	75	mediocre	
hCoV-19/USA/OR-PROV-110/2020	EPI_ISL_482378	4/24/20	20C	0	good	10	0	0	7	0	0	0	0	"G208T,C241T,C1059T,C3037T,T3312C,A10323G,C14408T,C22949T,A23403G,G25563T"			"ORF1a:T265I,ORF1a:L1016P,ORF1a:K3353R,ORF1b:P314L,ORF3a:Q57H,S:P463S,S:D614G"					89669	0	29903	3000	0	good	0	10	0	good	0	24	-4	0	good	4		0	good	0		0	0	good		0	0	good	
hCoV-19/USA/OR-PROV-112/2020	EPI_ISL_482379	4/25/20	19A	0	good	8	0	0	6	0	0	0	0	"A4236G,G8889A,G11071C,C11074T,G11083T,C14805T,T25655C,G26144T"			"ORF1a:N1324S,ORF1a:R2875H,ORF1a:L3602F,ORF1a:L3606F,ORF3a:V88A,ORF3a:G251V"					89677	0	29903	3000	0	good	0	10	0	good	0	24	-3	0	good	5		0	good	0		0	0	good		0	0	good	
hCoV-19/USA/OR-PROV-113/2020	EPI_ISL_482380	4/25/20	19A	0	good	7	0	0	7	0	0	0	1	"A4236G,A7799G,G11083T,C14805T,T25655C,G26144T,G28326C"			"N:G18A,ORF1a:N1324S,ORF1a:T2512A,ORF1a:L3606F,ORF3a:V88A,ORF3a:G251V,ORF9b:V15L"				USCDC_N1_P:G28326C	89681	0	29903	3000	0	good	0	10	0	good	0	24	-4	0	good	4		0	good	0		0	0	good		0	0	good	
hCoV-19/USA/OR-PROV-115/2020	EPI_ISL_482381	4/26/20	20C	0	good	7	0	0	5	0	0	0	0	"C241T,C1059T,C3037T,T3312C,C14408T,A23403G,G25563T"			"ORF1a:T265I,ORF1a:L1016P,ORF1b:P314L,ORF3a:Q57H,S:D614G"					89681	0	29903	3000	0	good	0	10	0	good	0	24	-7	0	good	1		0	good	0		0	0	good		0	0	good	
hCoV-19/USA/OR-PROV-117/2020	EPI_ISL_482382	4/26/20	19A	0	good	5	6	0	2	2	0	0	0	"C4876T,G11083T,C14805T,G26144T,C29614T"	22289-22294		"ORF1a:L3606F,ORF3a:G251V"	"S:L242-,S:A243-"				89664	0	29903	3000	0	good	0	10	0	good	0	24	-5	0	good	3		0	good	0		0	0	good		0	0	good	
hCoV-19/USA/OR-PROV-118/2020	EPI_ISL_482383	4/27/20	20A	0	good	6	0	0	3	0	0	0	0	"C241T,C3037T,C14408T,A20268G,A23403G,C29370G"			"N:T366R,ORF1b:P314L,S:D614G"					89685	0	29903	3000	0	good	0	10	0	good	0	24	-7	0	good	1		0	good	0		0	0	good		0	0	good	
hCoV-19/USA/OR-PROV-120/2020	EPI_ISL_482384	4/27/20	20C	0	good	13	0	0	6	0	0	0	0	"C241T,C3037T,C11563T,C11832T,C14408T,C16616T,C16952T,C17028T,C18877T,A23403G,G24550A,C25276T,G25563T"			"ORF1a:A3856V,ORF1b:P314L,ORF1b:T1050I,ORF1b:T1162I,ORF3a:Q57H,S:D614G"					89657	0	29903	3000	0	good	0	10	0	good	0	24	-1	0	good	7		0	good	0		0	0	good		0	0	good	
hCoV-19/USA/OR-PROV-121/2020	EPI_ISL_482385	4/27/20	20A	0	good	7	0	0	4	0	0	0	0	"C241T,C3037T,C14408T,A20268G,A23403G,T26569G,C29370G"			"M:L16R,N:T366R,ORF1b:P314L,S:D614G"					89681	0	29903	3000	0	good	0	10	0	good	0	24	-6	0	good	2		0	good	0		0	0	good		0	0	good	
hCoV-19/USA/OR-PROV-122/2020	EPI_ISL_482386	4/27/20	20B	0	good	7	0	0	4	0	0	0	3	"C241T,C3037T,C14408T,A23403G,G28881A,G28882A,G28883C"			"N:R203K,N:G204R,ORF1b:P314L,S:D614G"				ChinaCDC_N_F:G28881A;G28882A;G28883C	89681	0	29903	3000	0	good	0	10	0	good	0	24	-8	0	good	0		0	good	0		0	0	good		0	0	good	
hCoV-19/USA/OR-PROV-123/2020	EPI_ISL_482387	4/27/20	19A	0	good	6	0	0	5	0	0	0	0	"C3411T,A4236G,G11083T,C14805T,T25655C,G26144T"			"ORF1a:A1049V,ORF1a:N1324S,ORF1a:L3606F,ORF3a:V88A,ORF3a:G251V"					89685	0	29903	3000	0	good	0	10	0	good	0	24	-5	0	good	3		0	good	0		0	0	good		0	0	good	
hCoV-19/USA/OR-PROV-124/2020	EPI_ISL_482388	4/28/20	20C	0	good	10	0	0	4	0	0	0	0	"C241T,C3037T,C11563T,C14408T,C16952T,C17028T,C18877T,A23403G,G24550A,G25563T"			"ORF1b:P314L,ORF1b:T1162I,ORF3a:Q57H,S:D614G"					89669	0	29903	3000	0	good	0	10	0	good	0	24	-4	0	good	4		0	good	0		0	0	good		0	0	good	
hCoV-19/USA/OR-PROV-125/2020	EPI_ISL_482389	4/28/20	20C	0	good	12	9	0	6	3	0	0	0	"C241T,C3037T,T4765C,C6312T,C11563T,G14209T,C14408T,C17678T,C18877T,A23403G,G25563T,C29675T"	686-694		"ORF1a:T2016I,ORF1b:V248F,ORF1b:P314L,ORF1b:T1404M,ORF3a:Q57H,S:D614G"	"ORF1a:K141-,ORF1a:S142-,ORF1a:F143-"				89627	0	29903	3000	0	good	0	10	0	good	0	24	-1	0	good	7		0	good	0		0	0	good		0	0	good	
hCoV-19/USA/OR-PROV-126/2020	EPI_ISL_482390	4/28/20	20C	0	good	10	0	0	6	0	0	0	0	"C241T,C1059T,C3037T,C14322T,C14408T,C18086T,A23403G,G25563T,A26528T,A28492T"			"ORF1a:T265I,ORF1b:P314L,ORF1b:T1540I,ORF3a:Q57H,ORF9b:Q70L,S:D614G"					89669	0	29903	3000	0	good	0	10	0	good	0	24	-4	0	good	4		0	good	0		0	0	good		0	0	good	
hCoV-19/USA/OR-PROV-127/2020	EPI_ISL_482391	4/29/20	20C	0	good	7	15	0	5	5	0	0	0	"C241T,C1059T,C3037T,T3312C,C14408T,A23403G,G25563T"	509-523		"ORF1a:T265I,ORF1a:L1016P,ORF1b:P314L,ORF3a:Q57H,S:D614G"	"ORF1a:G82-,ORF1a:H83-,ORF1a:V84-,ORF1a:M85-,ORF1a:V86-"				89629	0	29903	3000	0	good	0	10	0	good	0	24	-6	0	good	2		0	good	0		0	0	good		0	0	good	
hCoV-19/USA/OR-PROV-128/2020	EPI_ISL_482392	4/29/20	20C	0	good	9	0	0	6	0	0	0	0	"C241T,C1059T,C3037T,C14408T,C18086T,A23403G,G25563T,A26528T,A28492T"			"ORF1a:T265I,ORF1b:P314L,ORF1b:T1540I,ORF3a:Q57H,ORF9b:Q70L,S:D614G"					89673	0	29903	3000	0	good	0	10	0	good	0	24	-5	0	good	3		0	good	0		0	0	good		0	0	good	
hCoV-19/USA/OR-PROV-129/2020	EPI_ISL_482393	4/29/20	20B	0	good	10	0	0	7	0	0	0	3	"C241T,C3037T,C10626T,C14408T,A23403G,C28045T,C28453T,G28881A,G28882A,G28883C"			"N:R203K,N:G204R,ORF1a:A3454V,ORF1b:P314L,ORF8:A51V,ORF9b:A57V,S:D614G"				ChinaCDC_N_F:G28881A;G28882A;G28883C	89669	0	29903	3000	0	good	0	10	0	good	0	24	-5	0	good	3		0	good	0		0	0	good		0	0	good	
hCoV-19/USA/OR-PROV-130/2020	EPI_ISL_482394	4/30/20	20B	0	good	7	0	0	4	0	0	0	3	"C241T,C3037T,C14408T,A23403G,G28881A,G28882A,G28883C"			"N:R203K,N:G204R,ORF1b:P314L,S:D614G"				ChinaCDC_N_F:G28881A;G28882A;G28883C	89681	0	29903	3000	0	good	0	10	0	good	0	24	-8	0	good	0		0	good	0		0	0	good		0	0	good	
hCoV-19/USA/OR-PROV-132/2020	EPI_ISL_482395	5/1/20	20C	0	good	9	0	0	6	0	0	0	0	"C241T,C1059T,C3037T,C14408T,C18086T,A23403G,G25563T,A26528T,A28492T"			"ORF1a:T265I,ORF1b:P314L,ORF1b:T1540I,ORF3a:Q57H,ORF9b:Q70L,S:D614G"					89673	0	29903	3000	0	good	0	10	0	good	0	24	-5	0	good	3		0	good	0		0	0	good		0	0	good	
hCoV-19/USA/OR-PROV-133/2020	EPI_ISL_482396	5/1/20	20C	0	good	9	0	0	6	0	0	0	0	"C241T,C1059T,C3037T,C14408T,C18086T,A23403G,G25563T,A26528T,A28492T"			"ORF1a:T265I,ORF1b:P314L,ORF1b:T1540I,ORF3a:Q57H,ORF9b:Q70L,S:D614G"					89673	0	29903	3000	0	good	0	10	0	good	0	24	-5	0	good	3		0	good	0		0	0	good		0	0	good	
hCoV-19/USA/OR-PROV-135/2020	EPI_ISL_482397	5/1/20	20A	0	good	5	0	0	3	0	0	0	0	"C241T,C3037T,C14408T,G20980A,A23403G"			"ORF1b:P314L,ORF1b:D2505N,S:D614G"					89689	0	29903	3000	0	good	0	10	0	good	0	24	-7	0	good	1		0	good	0		0	0	good		0	0	good	
hCoV-19/USA/OR-PROV-136/2020	EPI_ISL_482398	5/1/20	19A	0	good	10	0	0	5	0	0	0	0	"C1567T,A4236G,C5974T,G7100T,G11083T,C14805T,C25276T,T25655C,G26144T,G29868T"			"ORF1a:N1324S,ORF1a:A2279S,ORF1a:L3606F,ORF3a:V88A,ORF3a:G251V"					89669	0	29903	3000	0	good	0	10	0	good	0	24	-1	0	good	7		0	good	0		0	0	good		0	0	good	
hCoV-19/USA/OR-PROV-137/2020	EPI_ISL_482399	5/2/20	20C	0	good	9	0	0	6	0	0	0	0	"C241T,C1059T,C3037T,C14408T,C18086T,A23403G,G25563T,A26528T,A28492T"			"ORF1a:T265I,ORF1b:P314L,ORF1b:T1540I,ORF3a:Q57H,ORF9b:Q70L,S:D614G"					89673	0	29903	3000	0	good	0	10	0	good	0	24	-5	0	good	3		0	good	0		0	0	good		0	0	good	
hCoV-19/USA/OR-PROV-139/2020	EPI_ISL_482400	5/2/20	20C	0	good	13	9	0	7	3	0	0	1	"C241T,C3037T,T4765C,C6312T,C11563T,G14209T,C14408T,C17678T,C18877T,A23403G,G25563T,C28770T,C29675T"	686-694		"N:T166I,ORF1a:T2016I,ORF1b:V248F,ORF1b:P314L,ORF1b:T1404M,ORF3a:Q57H,S:D614G"	"ORF1a:K141-,ORF1a:S142-,ORF1a:F143-"			Charité_N_P:C28770T	89623	0	29903	3000	0	good	0	10	0	good	0	24	0	0	good	8		0	good	0		0	0	good		0	0	good	
hCoV-19/USA/OR-PROV-143/2020	EPI_ISL_482401	5/2/20	20B	0	good	8	0	0	5	0	0	0	3	"C241T,C3037T,C10626T,C14408T,A23403G,G28881A,G28882A,G28883C"			"N:R203K,N:G204R,ORF1a:A3454V,ORF1b:P314L,S:D614G"				ChinaCDC_N_F:G28881A;G28882A;G28883C	89677	0	29903	3000	0	good	0	10	0	good	0	24	-7	0	good	1		0	good	0		0	0	good		0	0	good	
hCoV-19/USA/OR-PROV-144/2020	EPI_ISL_482402	5/2/20	20A	0	good	5	0	0	3	0	0	0	0	"C241T,C3037T,C14408T,G20980A,A23403G"			"ORF1b:P314L,ORF1b:D2505N,S:D614G"					89689	0	29903	3000	0	good	0	10	0	good	0	24	-7	0	good	1		0	good	0		0	0	good		0	0	good	
hCoV-19/USA/OR-PROV-145/2020	EPI_ISL_482403	5/2/20	20B	0	good	9	0	0	5	0	0	0	3	"C241T,C3037T,C6701T,C14408T,A23403G,C27630T,G28881A,G28882A,G28883C"			"N:R203K,N:G204R,ORF1a:L2146F,ORF1b:P314L,S:D614G"				ChinaCDC_N_F:G28881A;G28882A;G28883C	89673	0	29903	3000	0	good	0	10	0	good	0	24	-6	0	good	2		0	good	0		0	0	good		0	0	good	
hCoV-19/USA/OR-PROV-146/2020	EPI_ISL_482404	5/2/20	20C	0	good	10	0	0	7	0	0	0	0	"C241T,C1059T,C3037T,C11916T,C14408T,A23403G,C25466T,G25563T,G28027T,G29742T"			"ORF1a:T265I,ORF1a:S3884L,ORF1b:P314L,ORF3a:P25L,ORF3a:Q57H,ORF8:W45L,S:D614G"					89669	0	29903	3000	0	good	0	10	0	good	0	24	-5	0	good	3		0	good	0		0	0	good		0	0	good	
hCoV-19/USA/OR-PROV-147/2020	EPI_ISL_482405	5/2/20	20C	0	good	10	0	0	6	0	0	0	0	"C241T,C1059T,C3037T,C14322T,C14408T,C18086T,A23403G,G25563T,A26528T,A28492T"			"ORF1a:T265I,ORF1b:P314L,ORF1b:T1540I,ORF3a:Q57H,ORF9b:Q70L,S:D614G"					89669	0	29903	3000	0	good	0	10	0	good	0	24	-4	0	good	4		0	good	0		0	0	good		0	0	good	
hCoV-19/USA/OR-PROV-148/2020	EPI_ISL_482406	5/3/20	20C	0	good	14	0	0	7	0	0	0	1	"C241T,C3037T,C7262T,C11563T,C14408T,C15857T,C18788T,C18877T,G20263A,A20264T,A20265T,A23403G,G24550A,G25563T"			"ORF1a:L2333F,ORF1b:P314L,ORF1b:T797I,ORF1b:T1774I,ORF1b:E2266I,ORF3a:Q57H,S:D614G"				HKU_ORF_F:C18788T	89653	0	29903	3000	0	good	0	10	0	good	0	24	0	0	good	8		0	good	0		0	0	good		0	0	good	
hCoV-19/USA/OR-PROV-151/2020	EPI_ISL_482407	5/4/20	20C	0	good	9	0	0	6	0	0	0	0	"C241T,C1059T,C3037T,C11916T,C14408T,A23403G,G25563T,G28027T,G29742T"			"ORF1a:T265I,ORF1a:S3884L,ORF1b:P314L,ORF3a:Q57H,ORF8:W45L,S:D614G"					89673	0	29903	3000	0	good	0	10	0	good	0	24	-6	0	good	2		0	good	0		0	0	good		0	0	good	
hCoV-19/USA/OR-PROV-153/2020	EPI_ISL_482408	5/4/20	20C	0	good	8	0	0	6	0	0	0	0	"C241T,C1059T,C3037T,C14408T,A15011T,G15340T,A23403G,G25563T"			"ORF1a:T265I,ORF1b:P314L,ORF1b:Q515L,ORF1b:A625S,ORF3a:Q57H,S:D614G"					89677	0	29903	3000	0	good	0	10	0	good	0	24	-6	0	good	2		0	good	0		0	0	good		0	0	good	
hCoV-19/USA/OR-PROV-154/2020	EPI_ISL_482409	5/4/20	20C	0	good	13	9	0	7	3	0	0	0	"C241T,C3037T,T4765C,C6312T,C11563T,G14209T,C14408T,C17678T,C18877T,A23403G,G24697T,G25563T,C29675T"	686-694		"ORF1a:T2016I,ORF1b:V248F,ORF1b:P314L,ORF1b:T1404M,ORF3a:Q57H,S:D614G,S:K1045N"	"ORF1a:K141-,ORF1a:S142-,ORF1a:F143-"				89623	0	29903	3000	0	good	0	10	0	good	0	24	0	0	good	8		0	good	0		0	0	good		0	0	good	
hCoV-19/USA/OR-PROV-155/2020	EPI_ISL_482410	5/5/20	20A	0	good	9	0	0	4	0	0	0	0	"C241T,C1204T,G1747A,C3037T,C14408T,C16289T,A23403G,G25429T,G29648T"			"ORF1b:P314L,ORF1b:A941V,ORF3a:V13L,S:D614G"					89673	0	29903	3000	0	good	0	10	0	good	0	24	-3	0	good	5		0	good	0		0	0	good		0	0	good	
hCoV-19/USA/OR-PROV-156/2020	EPI_ISL_482411	5/5/20	20C	0	good	9	0	0	6	0	0	0	0	"C241T,C1059T,C3037T,C14408T,C18086T,A23403G,G25563T,A26528T,A28492T"			"ORF1a:T265I,ORF1b:P314L,ORF1b:T1540I,ORF3a:Q57H,ORF9b:Q70L,S:D614G"					89673	0	29903	3000	0	good	0	10	0	good	0	24	-5	0	good	3		0	good	0		0	0	good		0	0	good	
hCoV-19/USA/OR-PROV-157/2020	EPI_ISL_482412	5/5/20	20A	0	good	8	0	0	5	0	0	0	0	"C241T,C3037T,C10116T,C14408T,C17639T,A20268G,A23403G,G28077T"			"ORF1a:T3284I,ORF1b:P314L,ORF1b:S1391L,ORF8:V62L,S:D614G"					89677	0	29903	3000	0	good	0	10	0	good	0	24	-5	0	good	3		0	good	0		0	0	good		0	0	good	
hCoV-19/USA/OR-PROV-158/2020	EPI_ISL_482413	5/6/20	19A	0	good	4	0	0	3	0	0	0	0	"A2550G,G11083T,C14805T,G26144T"			"ORF1a:D762G,ORF1a:L3606F,ORF3a:G251V"					89693	0	29903	3000	0	good	0	10	0	good	0	24	-7	0	good	1		0	good	0		0	0	good		0	0	good	
hCoV-19/USA/OR-PROV-159/2020	EPI_ISL_482414	5/6/20	20C	0	good	9	0	0	6	0	0	0	0	"C241T,C1059T,C3037T,C11916T,C14408T,A23403G,G25563T,G28027T,G29742T"			"ORF1a:T265I,ORF1a:S3884L,ORF1b:P314L,ORF3a:Q57H,ORF8:W45L,S:D614G"					89673	0	29903	3000	0	good	0	10	0	good	0	24	-6	0	good	2		0	good	0		0	0	good		0	0	good	
hCoV-19/USA/OR-PROV-161/2020	EPI_ISL_482415	5/6/20	20C	0	good	10	0	0	7	0	0	0	0	"C241T,C1059T,C3037T,T3312C,T8041C,C14408T,C19274A,A23403G,G25563T,G29474T"			"N:D401Y,ORF1a:T265I,ORF1a:L1016P,ORF1b:P314L,ORF1b:P1936H,ORF3a:Q57H,S:D614G"					89669	0	29903	3000	0	good	0	10	0	good	0	24	-4	0	good	4		0	good	0		0	0	good		0	0	good	
hCoV-19/USA/OR-PROV-163/2020	EPI_ISL_482416	5/6/20	20C	0	good	8	0	0	3	0	0	0	0	"C241T,C3037T,C11563T,C14408T,C18877T,A23403G,G24550A,G25563T"			"ORF1b:P314L,ORF3a:Q57H,S:D614G"					89677	0	29903	3000	0	good	0	10	0	good	0	24	-6	0	good	2		0	good	0		0	0	good		0	0	good	
hCoV-19/USA/OR-PROV-165/2020	EPI_ISL_482417	5/7/20	20A	0	good	11	0	0	7	0	0	0	0	"C241T,A1163G,C3037T,T11465C,C14408T,A17286G,A20268G,A23403G,C24381T,T25248C,C29370G"			"N:T366R,ORF1a:I300V,ORF1a:W3734R,ORF1b:P314L,S:D614G,S:S940F,S:M1229T"					89665	0	29903	3000	0	good	0	10	0	good	0	24	-2	0	good	6		0	good	0		0	0	good		0	0	good	
hCoV-19/USA/OR-PROV-167/2020	EPI_ISL_482418	5/8/20	20A	0	good	8	0	0	5	0	0	0	0	"C241T,C3037T,C14408T,A20268G,G21793T,A23403G,C25047T,C29370G"			"N:T366R,ORF1b:P314L,S:K77N,S:D614G,S:P1162L"					89677	0	29903	3000	0	good	0	10	0	good	0	24	-5	0	good	3		0	good	0		0	0	good		0	0	good	
hCoV-19/USA/OR-PROV-168/2020	EPI_ISL_482419	5/8/20	19A	0	good	4	0	0	3	0	0	0	0	"A2550G,G11083T,C14805T,G26144T"			"ORF1a:D762G,ORF1a:L3606F,ORF3a:G251V"					89693	0	29903	3000	0	good	0	10	0	good	0	24	-7	0	good	1		0	good	0		0	0	good		0	0	good	
hCoV-19/USA/OR-PROV-169/2020	EPI_ISL_482420	5/8/20	20C	0	good	9	0	0	4	0	0	0	0	"C241T,A2161G,C3037T,C14408T,C16376T,G17562T,C18877T,A23403G,G25563T"			"ORF1b:P314L,ORF1b:P970L,ORF3a:Q57H,S:D614G"					89673	0	29903	3000	0	good	0	10	0	good	0	24	-5	0	good	3		0	good	0		0	0	good		0	0	good	
hCoV-19/USA/OR-PROV-170/2020	EPI_ISL_482421	5/11/20	20C	0	good	9	0	0	6	0	0	0	0	"C241T,C1059T,C3037T,C14408T,C18086T,A23403G,G25563T,A26528T,A28492T"			"ORF1a:T265I,ORF1b:P314L,ORF1b:T1540I,ORF3a:Q57H,ORF9b:Q70L,S:D614G"					89673	0	29903	3000	0	good	0	10	0	good	0	24	-5	0	good	3		0	good	0		0	0	good		0	0	good	
hCoV-19/USA/OR-PROV-171/2020	EPI_ISL_482422	5/11/20	20A	0	good	6	0	0	3	0	0	0	0	"C241T,C3037T,C14408T,A20268G,A23403G,C29370G"			"N:T366R,ORF1b:P314L,S:D614G"					89685	0	29903	3000	0	good	0	10	0	good	0	24	-7	0	good	1		0	good	0		0	0	good		0	0	good	
hCoV-19/USA/OR-PROV-173/2020	EPI_ISL_482423	5/11/20	20A	0	good	6	0	0	3	0	0	0	0	"C241T,C3037T,C14408T,C15952T,G20980A,A23403G"			"ORF1b:P314L,ORF1b:D2505N,S:D614G"					89685	0	29903	3000	0	good	0	10	0	good	0	24	-6	0	good	2		0	good	0		0	0	good		0	0	good	
hCoV-19/USA/OR-PROV-174/2020	EPI_ISL_482424	5/12/20	20C	0	good	8	0	0	5	0	0	0	0	"C241T,C1059T,C3037T,A10323G,C14408T,A23403G,G25563T,A29700G"			"ORF1a:T265I,ORF1a:K3353R,ORF1b:P314L,ORF3a:Q57H,S:D614G"					89677	0	29903	3000	0	good	0	10	0	good	0	24	-6	0	good	2		0	good	0		0	0	good		0	0	good	
hCoV-19/USA/OR-PROV-175/2020	EPI_ISL_482425	5/12/20	20C	56.25	mediocre	15	0	0	12	0	0	0	1	"C241T,G353A,C1059T,C3037T,C5672T,C11916T,C14408T,G22331A,A23403G,G25563T,G27506T,G28027T,G28209T,G28727T,G29742T"			"N:A152S,ORF1a:G30S,ORF1a:T265I,ORF1a:P1803S,ORF1a:S3884L,ORF1b:P314L,ORF3a:Q57H,ORF7a:G38V,ORF8:W45L,ORF8:E106*,S:G257S,S:D614G"				USCDC_N3_P:G28727T	89649	0	29903	3000	0	good	0	10	0	good	0	24	0	0	good	8		0	good	0		0	0	good	ORF8:105	1	75	mediocre	
hCoV-19/USA/OR-PROV-176/2020	EPI_ISL_482426	5/12/20	20C	0	good	8	0	0	6	0	0	0	0	"C241T,C1059T,C3037T,C6027T,T8421C,C14408T,A23403G,G25563T"			"ORF1a:T265I,ORF1a:P1921L,ORF1a:M2719T,ORF1b:P314L,ORF3a:Q57H,S:D614G"					89677	0	29903	3000	0	good	0	10	0	good	0	24	-6	0	good	2		0	good	0		0	0	good		0	0	good	
hCoV-19/USA/OR-PROV-178/2020	EPI_ISL_482427	5/13/20	20C	0	good	8	0	0	4	0	0	0	0	"C241T,A2161G,C3037T,C14408T,C16376T,C18877T,A23403G,G25563T"			"ORF1b:P314L,ORF1b:P970L,ORF3a:Q57H,S:D614G"					89677	0	29903	3000	0	good	0	10	0	good	0	24	-6	0	good	2		0	good	0		0	0	good		0	0	good	
hCoV-19/USA/OR-PROV-179/2020	EPI_ISL_482428	5/13/20	20A	0	good	6	0	0	3	0	0	0	0	"C241T,C3037T,C14408T,C15952T,G20980A,A23403G"			"ORF1b:P314L,ORF1b:D2505N,S:D614G"					89685	0	29903	3000	0	good	0	10	0	good	0	24	-6	0	good	2		0	good	0		0	0	good		0	0	good	
hCoV-19/USA/OR-PROV-180/2020	EPI_ISL_482429	5/13/20	20C	0	good	9	0	0	6	0	0	0	0	"C241T,C1059T,C3037T,G7037A,C14408T,A23403G,G25563T,C26110T,A29700G"			"ORF1a:T265I,ORF1a:G2258S,ORF1b:P314L,ORF3a:Q57H,ORF3a:P240S,S:D614G"					89673	0	29903	3000	0	good	0	10	0	good	0	24	-5	0	good	3		0	good	0		0	0	good		0	0	good	
hCoV-19/USA/OR-PROV-182/2020	EPI_ISL_482430	5/13/20	19A	0	good	7	0	0	5	0	0	0	0	"A4236G,G11083T,C14805T,C19029T,T25655C,G26144T,G26167T"			"ORF1a:N1324S,ORF1a:L3606F,ORF3a:V88A,ORF3a:G251V,ORF3a:V259L"					89681	0	29903	3000	0	good	0	10	0	good	0	24	-4	0	good	4		0	good	0		0	0	good		0	0	good	
hCoV-19/USA/OR-PROV-183/2020	EPI_ISL_482431	5/14/20	20C	0	good	9	0	0	6	0	0	0	0	"C241T,C1059T,C3037T,C14408T,C18086T,A23403G,G25563T,A26528T,A28492T"			"ORF1a:T265I,ORF1b:P314L,ORF1b:T1540I,ORF3a:Q57H,ORF9b:Q70L,S:D614G"					89673	0	29903	3000	0	good	0	10	0	good	0	24	-5	0	good	3		0	good	0		0	0	good		0	0	good	
hCoV-19/USA/OR-PROV-184/2020	EPI_ISL_482432	5/14/20	20C	0	good	10	0	0	4	0	0	0	0	"C241T,C280T,C3037T,C6027T,C11563T,C14408T,C18877T,A23403G,G24550A,G25563T"			"ORF1a:P1921L,ORF1b:P314L,ORF3a:Q57H,S:D614G"					89669	0	29903	3000	0	good	0	10	0	good	0	24	-4	0	good	4		0	good	0		0	0	good		0	0	good	
hCoV-19/USA/OR-PROV-185/2020	EPI_ISL_482433	5/14/20	20A	0	good	6	0	0	3	0	0	0	0	"C241T,T568A,C3037T,C14408T,G20980A,A23403G"			"ORF1b:P314L,ORF1b:D2505N,S:D614G"					89685	0	29903	3000	0	good	0	10	0	good	0	24	-6	0	good	2		0	good	0		0	0	good		0	0	good	
hCoV-19/USA/OR-PROV-186/2020	EPI_ISL_482434	5/14/20	20A	0	good	6	0	0	3	0	0	0	0	"C241T,C3037T,C12880T,C14408T,G20980A,A23403G"			"ORF1b:P314L,ORF1b:D2505N,S:D614G"					89685	0	29903	3000	0	good	0	10	0	good	0	24	-6	0	good	2		0	good	0		0	0	good		0	0	good	
hCoV-19/USA/OR-PROV-187/2020	EPI_ISL_482435	5/14/20	20C	0	good	9	0	0	5	0	0	0	0	"C241T,A2161G,C3037T,G11243T,C14408T,C16376T,C18877T,A23403G,G25563T"			"ORF1a:V3660L,ORF1b:P314L,ORF1b:P970L,ORF3a:Q57H,S:D614G"					89673	0	29903	3000	0	good	0	10	0	good	0	24	-5	0	good	3		0	good	0		0	0	good		0	0	good	
hCoV-19/USA/OR-PROV-188/2020	EPI_ISL_482436	5/15/20	20A	0	good	9	0	0	3	0	0	0	0	"C241T,C3037T,C5184T,C5416T,G8017T,C14408T,A23403G,C26256T,C29668T"			"ORF1a:P1640L,ORF1b:P314L,S:D614G"					89673	0	29903	3000	0	good	0	10	0	good	0	24	-3	0	good	5		0	good	0		0	0	good		0	0	good	
hCoV-19/USA/OR-PROV-192/2020	EPI_ISL_482437	5/16/20	20C	0	good	13	0	0	8	0	0	0	0	"C241T,C1059T,C3037T,C4586T,A5618G,C9438T,C11916T,C14408T,T22207C,A23403G,G25563T,G28027T,G29742T"			"ORF1a:T265I,ORF1a:I1785V,ORF1a:T3058I,ORF1a:S3884L,ORF1b:P314L,ORF3a:Q57H,ORF8:W45L,S:D614G"					89657	0	29903	3000	0	good	0	10	0	good	0	24	-2	0	good	6		0	good	0		0	0	good		0	0	good	
hCoV-19/USA/OR-PROV-193/2020	EPI_ISL_482438	5/17/20	20C	0	good	12	0	0	7	0	0	0	0	"C241T,C1059T,C3037T,C4586T,A5618G,C11916T,C14408T,T22207C,A23403G,G25563T,G28027T,G29742T"			"ORF1a:T265I,ORF1a:I1785V,ORF1a:S3884L,ORF1b:P314L,ORF3a:Q57H,ORF8:W45L,S:D614G"					89661	0	29903	3000	0	good	0	10	0	good	0	24	-3	0	good	5		0	good	0		0	0	good		0	0	good	
hCoV-19/USA/OR-PROV-194/2020	EPI_ISL_482439	5/18/20	20C	0	good	9	0	0	6	0	0	0	0	"C241T,C1059T,C3037T,C14408T,C18086T,A23403G,G25563T,A26528T,A28492T"			"ORF1a:T265I,ORF1b:P314L,ORF1b:T1540I,ORF3a:Q57H,ORF9b:Q70L,S:D614G"					89673	0	29903	3000	0	good	0	10	0	good	0	24	-5	0	good	3		0	good	0		0	0	good		0	0	good	
hCoV-19/USA/OR-PROV-197/2020	EPI_ISL_482440	5/3/20	20A	0	good	8	0	0	3	0	0	0	0	"C241T,C3037T,C14408T,A20268G,C21114T,C23320T,A23403G,C29370G"			"N:T366R,ORF1b:P314L,S:D614G"					89677	0	29903	3000	0	good	0	10	0	good	0	24	-5	0	good	3		0	good	0		0	0	good		0	0	good	
hCoV-19/USA/OR-PROV-199/2020	EPI_ISL_482441	5/8/20	20A	0	good	6	0	0	3	0	0	0	0	"C241T,T568A,C3037T,C14408T,G20980A,A23403G"			"ORF1b:P314L,ORF1b:D2505N,S:D614G"					89685	0	29903	3000	0	good	0	10	0	good	0	24	-6	0	good	2		0	good	0		0	0	good		0	0	good	
hCoV-19/USA/OR-PROV-200/2020	EPI_ISL_482442	5/8/20	20C	0	good	10	0	0	7	0	0	0	0	"C241T,C1059T,C3037T,C11916T,C14408T,A23403G,C25466T,G25563T,G28027T,G29742T"			"ORF1a:T265I,ORF1a:S3884L,ORF1b:P314L,ORF3a:P25L,ORF3a:Q57H,ORF8:W45L,S:D614G"					89669	0	29903	3000	0	good	0	10	0	good	0	24	-5	0	good	3		0	good	0		0	0	good		0	0	good	
hCoV-19/USA/OR-PROV-201/2020	EPI_ISL_482443	5/8/20	20C	0	good	9	0	0	6	0	0	0	0	"C241T,C1059T,C3037T,C14408T,C18086T,A23403G,G25563T,A26528T,A28492T"			"ORF1a:T265I,ORF1b:P314L,ORF1b:T1540I,ORF3a:Q57H,ORF9b:Q70L,S:D614G"					89673	0	29903	3000	0	good	0	10	0	good	0	24	-5	0	good	3		0	good	0		0	0	good		0	0	good	
hCoV-19/USA/OR-PROV-202/2020	EPI_ISL_482444	5/10/20	20A	0	good	6	0	0	3	0	0	0	0	"C241T,T568A,C3037T,C14408T,G20980A,A23403G"			"ORF1b:P314L,ORF1b:D2505N,S:D614G"					89685	0	29903	3000	0	good	0	10	0	good	0	24	-6	0	good	2		0	good	0		0	0	good		0	0	good	
hCoV-19/USA/OR-PROV-203/2020	EPI_ISL_482445	5/10/20	20C	0	good	14	0	0	6	0	0	0	0	"C241T,T2698C,C3037T,C11563T,G14209T,C14408T,C17678T,C17766T,C18877T,A19068C,A23403G,G25563T,C29675T,C29754T"			"ORF1b:V248F,ORF1b:P314L,ORF1b:T1404M,ORF1b:Q1867H,ORF3a:Q57H,S:D614G"					89653	0	29903	3000	0	good	0	10	0	good	0	24	0	0	good	8		0	good	0		0	0	good		0	0	good	
hCoV-19/USA/OR-PROV-204/2020	EPI_ISL_482446	4/18/20	20C	0	good	10	0	0	4	0	0	0	0	"C241T,C3037T,C11563T,C14408T,C16952T,C17028T,C18877T,A23403G,G24550A,G25563T"			"ORF1b:P314L,ORF1b:T1162I,ORF3a:Q57H,S:D614G"					89669	0	29903	3000	0	good	0	10	0	good	0	24	-4	0	good	4		0	good	0		0	0	good		0	0	good	
hCoV-19/USA/OR-PROV-205/2020	EPI_ISL_482447	4/18/20	20A	0	good	5	0	0	2	0	0	0	0	"C241T,C3037T,C14408T,A20268G,A23403G"			"ORF1b:P314L,S:D614G"					89689	0	29903	3000	0	good	0	10	0	good	0	24	-8	0	good	0		0	good	0		0	0	good		0	0	good	
hCoV-19/USA/OR-PROV-206/2020	EPI_ISL_482448	4/3/20	20B	0	good	8	0	0	5	0	0	0	3	"C241T,C3037T,C13665A,C14408T,A23403G,G28881A,G28882A,G28883C"			"N:R203K,N:G204R,ORF1b:H66Q,ORF1b:P314L,S:D614G"				ChinaCDC_N_F:G28881A;G28882A;G28883C	89677	0	29903	3000	0	good	0	10	0	good	0	24	-7	0	good	1		0	good	0		0	0	good		0	0	good	
hCoV-19/USA/OR-PROV-207/2020	EPI_ISL_482449	3/23/20	19B	0	good	6	0	0	3	0	0	0	0	"C8782T,C17747T,A17858G,C18060T,T28144C,C29769T"			"ORF1b:P1427L,ORF1b:Y1464C,ORF8:L84S"					89685	0	29903	3000	0	good	0	10	0	good	0	24	-6	0	good	2		0	good	0		0	0	good		0	0	good	
hCoV-19/USA/OR-PROV-209/2020	EPI_ISL_482450	4/2/20	20C	0	good	8	0	0	5	0	0	0	0	"C241T,C1059T,C3037T,G6367T,C14408T,C14571T,A23403G,G25563T"			"ORF1a:T265I,ORF1a:Q2034H,ORF1b:P314L,ORF3a:Q57H,S:D614G"					89677	0	29903	3000	0	good	0	10	0	good	0	24	-6	0	good	2		0	good	0		0	0	good		0	0	good	
hCoV-19/USA/OR-PROV-216/2020	EPI_ISL_482451	3/9/20	19A	0	good	5	0	0	4	0	0	0	0	"A4236G,G11083T,C14805T,T25655C,G26144T"			"ORF1a:N1324S,ORF1a:L3606F,ORF3a:V88A,ORF3a:G251V"					89689	0	29903	3000	0	good	0	10	0	good	0	24	-6	0	good	2		0	good	0		0	0	good		0	0	good	
hCoV-19/USA/OR-PROV-217/2020	EPI_ISL_482452	3/30/20	19A	0	good	5	0	0	3	0	0	0	0	"C9474T,G11083T,C14805T,T24892C,G26144T"			"ORF1a:A3070V,ORF1a:L3606F,ORF3a:G251V"					89689	0	29903	3000	0	good	0	10	0	good	0	24	-6	0	good	2		0	good	0		0	0	good		0	0	good	
hCoV-19/USA/OR-PROV-218/2020	EPI_ISL_482453	4/4/20	20C	0	good	7	0	0	4	0	0	0	0	"C241T,C1059T,C3037T,C14408T,A23403G,G25563T,C26907T"			"ORF1a:T265I,ORF1b:P314L,ORF3a:Q57H,S:D614G"					89681	0	29903	3000	0	good	0	10	0	good	0	24	-7	0	good	1		0	good	0		0	0	good		0	0	good	
hCoV-19/USA/OR-PROV-219/2020	EPI_ISL_482454	4/2/20	20C	0	good	7	0	0	4	0	0	0	0	"C241T,C1059T,C3037T,C14408T,A17892G,A23403G,G25563T"			"ORF1a:T265I,ORF1b:P314L,ORF3a:Q57H,S:D614G"					89681	0	29903	3000	0	good	0	10	0	good	0	24	-7	0	good	1		0	good	0		0	0	good		0	0	good	
hCoV-19/USA/OR-PROV-220/2020	EPI_ISL_482455	3/27/20	20C	0	good	8	0	0	4	0	0	0	0	"C241T,C3037T,C11563T,C14408T,C18877T,C21058T,A23403G,G25563T"			"ORF1b:P314L,ORF1b:P2531S,ORF3a:Q57H,S:D614G"					89677	0	29903	3000	0	good	0	10	0	good	0	24	-6	0	good	2		0	good	0		0	0	good		0	0	good	
hCoV-19/USA/OR-PROV-221/2020	EPI_ISL_482456	3/27/20	19A	0	good	6	0	0	4	0	0	0	0	"G11083T,C14805T,G26144T,G27415A,T27760A,T27761C"			"ORF1a:L3606F,ORF3a:G251V,ORF7a:A8T,ORF7b:I2N"					89685	0	29903	3000	0	good	0	10	0	good	0	24	-5	0	good	3		0	good	0		0	0	good		0	0	good	
hCoV-19/USA/OR-PROV-222/2020	EPI_ISL_482457	3/26/20	19A	0	good	5	0	0	4	0	0	0	0	"A4236G,G11083T,C14805T,T25655C,G26144T"			"ORF1a:N1324S,ORF1a:L3606F,ORF3a:V88A,ORF3a:G251V"					89689	0	29903	3000	0	good	0	10	0	good	0	24	-6	0	good	2		0	good	0		0	0	good		0	0	good	
hCoV-19/USA/OR-PROV-223/2020	EPI_ISL_482458	3/27/20	20C	0	good	9	0	0	5	0	0	0	0	"C241T,C1059T,C3037T,A6889G,C9857T,C14408T,G19711A,A23403G,G25563T"			"ORF1a:T265I,ORF1b:P314L,ORF1b:V2082I,ORF3a:Q57H,S:D614G"					89673	0	29903	3000	0	good	0	10	0	good	0	24	-5	0	good	3		0	good	0		0	0	good		0	0	good	
hCoV-19/USA/OR-PROV-224/2020	EPI_ISL_482459	3/28/20	19A	0	good	5	0	0	2	0	0	0	0	"G11083T,C14805T,C23029T,C24157T,G26144T"			"ORF1a:L3606F,ORF3a:G251V"					89689	0	29903	3000	0	good	0	10	0	good	0	24	-6	0	good	2		0	good	0		0	0	good		0	0	good	
hCoV-19/USA/OR-PROV-225/2020	EPI_ISL_482460	3/27/20	20C	0	good	9	0	0	8	0	0	0	0	"C241T,C1059T,C3037T,C14408T,A23403G,G24794A,G25302T,G25563T,G27758T"			"ORF1a:T265I,ORF1b:P314L,ORF3a:Q57H,ORF7a:*122L,ORF7b:M1I,S:D614G,S:A1078T,S:C1247F"					89673	0	29903	3000	0	good	0	10	0	good	0	24	-5	0	good	3		0	good	0		0	0	good		0	0	good	
hCoV-19/USA/OR-PROV-226/2020	EPI_ISL_482461	4/7/20	19A	0	good	7	0	0	6	0	0	0	0	"C5526T,G11083T,C14805T,G24992C,G25091C,G26144T,A26742G"			"M:N74D,ORF1a:T1754I,ORF1a:L3606F,ORF3a:G251V,S:E1144Q,S:V1177L"					89681	0	29903	3000	0	good	0	10	0	good	0	24	-4	0	good	4		0	good	0		0	0	good		0	0	good	
hCoV-19/USA/OR-PROV-227/2020	EPI_ISL_482462	3/25/20	19A	0	good	5	0	0	4	0	0	0	0	"A4236G,G11083T,C14805T,T25655C,G26144T"			"ORF1a:N1324S,ORF1a:L3606F,ORF3a:V88A,ORF3a:G251V"					89689	0	29903	3000	0	good	0	10	0	good	0	24	-6	0	good	2		0	good	0		0	0	good		0	0	good	
hCoV-19/USA/OR-PROV-228/2020	EPI_ISL_482463	3/18/20	19B	0	good	8	0	0	4	0	0	0	0	"C8782T,C9565T,C15240T,C17747T,A17858G,C18060T,C21774T,T28144C"			"ORF1b:P1427L,ORF1b:Y1464C,ORF8:L84S,S:S71F"					89677	0	29903	3000	0	good	0	10	0	good	0	24	-4	0	good	4		0	good	0		0	0	good		0	0	good	
hCoV-19/USA/OR-PROV-229/2020	EPI_ISL_482464	3/18/20	19A	0	good	6	0	0	5	0	0	0	0	"A4236G,G11083T,A14258G,C14805T,T25655C,G26144T"			"ORF1a:N1324S,ORF1a:L3606F,ORF1b:Y264C,ORF3a:V88A,ORF3a:G251V"					89685	0	29903	3000	0	good	0	10	0	good	0	24	-5	0	good	3		0	good	0		0	0	good		0	0	good	
hCoV-19/USA/OR-PROV-230/2020	EPI_ISL_482465	3/25/20	20C	0	good	6	0	0	3	0	0	0	0	"C241T,C3037T,C14408T,C18877T,A23403G,G25563T"			"ORF1b:P314L,ORF3a:Q57H,S:D614G"					89685	0	29903	3000	0	good	0	10	0	good	0	24	-8	0	good	0		0	good	0		0	0	good		0	0	good	
hCoV-19/USA/OR-PROV-231/2020	EPI_ISL_482466	3/30/20	19A	0	good	5	0	0	3	0	0	0	0	"T11C,A2581C,G11083T,C14805T,G26144T"			"ORF1a:E772D,ORF1a:L3606F,ORF3a:G251V"					89689	0	29903	3000	0	good	0	10	0	good	0	24	-6	0	good	2		0	good	0		0	0	good		0	0	good	
hCoV-19/USA/OR-PROV-232/2020	EPI_ISL_482467	3/23/20	20A	0	good	8	0	0	4	0	0	0	0	"A187G,C241T,C1616T,C3037T,C14408T,A23403G,C25688T,G29737T"			"ORF1a:L451F,ORF1b:P314L,ORF3a:A99V,S:D614G"					89677	0	29903	3000	0	good	0	10	0	good	0	24	-4	0	good	4		0	good	0		0	0	good		0	0	good	
hCoV-19/USA/OR-UW-679/2020	EPI_ISL_485948	3/12/20	20C	0	good	13	0	3	9	0	37	0	0	"C241T,C1059T,C3037T,C14408T,G14730A,A14732T,A14733G,A17701T,G17706T,C17707A,C21059T,A23403G,G25563T"		38:TTT	"ORF1a:T265I,ORF1b:P314L,ORF1b:E422V,ORF1b:N1412Y,ORF1b:R1413S,ORF1b:P1414T,ORF1b:P2531L,ORF3a:Q57H,S:D614G"		"117-139,224-237"			89453	35	29872	3000	0	good	37	10	0	good	0	24	0	0	good	8		0	good	0		0	0	good		0	0	good	
hCoV-19/USA/OR-PROV-029/2020	EPI_ISL_486830	3/29/20	19A	56.25	mediocre	3	4	0	1	0	0	0	0	"G11083T,C14805T,G26144T"	26158-26161		ORF1a:L3606F					89678	0	29903	3000	0	good	0	10	0	good	0	24	-7	0	good	1		0	good	0	ORF3a	1	75	mediocre		0	0	good	
hCoV-19/USA/OR-PROV-034/2020	EPI_ISL_486831	3/26/20	20C	56.25	mediocre	7	1	3	3	0	0	0	0	"C241T,C3037T,C14408T,G17193A,C18877T,A23403G,G25563T"	28254	28251:CTG	"ORF1b:P314L,ORF3a:Q57H,S:D614G"					89664	0	29903	3000	0	good	0	10	0	good	0	24	-5	0	good	3		0	good	0	ORF8	1	75	mediocre		0	0	good	
hCoV-19/USA/OR-UW-3406/2020	EPI_ISL_491001	3/25/20	20C	1	good	9	0	0	5	0	0	1	0	"C36T,C241T,C1059T,C1063T,C3037T,C14408T,G19106A,A23403G,G25563T"			"ORF1a:T265I,ORF1b:P314L,ORF1b:C1880Y,ORF3a:Q57H,S:D614G"			M:29870		89652	7	29903	3000	0	good	0	10	10	good	1	24	-5	0	good	3		0	good	0		0	0	good		0	0	good	
hCoV-19/USA/OR-UW-13394/2020	EPI_ISL_501083	7/1/20	20C	59.027778	mediocre	18	0	0	8	0	0	0	0	"C241T,C1059T,C3037T,C14408T,G17572T,C20946T,G21004T,C22097T,A23403G,C24337T,G25563T,C26900T,G28068T,G29751T,G29864A,T29867A,G29868A,C29870A"			"ORF1a:T265I,ORF1b:P314L,ORF1b:A1369S,ORF1b:A2513S,ORF3a:Q57H,ORF8:E59*,S:L179F,S:D614G"					89622	5	29903	3000	0	good	0	10	0	good	0	24	4	16.666667	good	12		0	good	0		0	0	good	ORF8:58	1	75	mediocre	